{
  "B Kraft Premium": 0.0288,
  "BC Premium": 0.0371175,
  "ML Kraft": 0.0428875,
  "XL Kraft": 0.06468,
  "B Kraft": 0.029841,
  "L Kraft": 0.047025,
  "M Kraft": 0.0289575,
  "XXLHK-N": 0.0567,
  "BC Lux": 0.044225,
  "BC XL": 0.0527,
  "M Lux": 0.026325,
  "XLK-N": 0.055216,
  "3D L": 0.0504,
  "3D M": 0.029484,
  "B XL": 0.0363,
  "BK-N": 0.031248,
  "LK-N": 0.042,
  "MK-N": 0.025116,
  "XXLH": 0.05796,
  "LHС": 0.0672,
  "MLG": 0.040608,
  "MLP": 0.03933,
  "MSG": 0.0186,
  "Q20": 0.0258,
  "Q25": 0.03816,
  "Q30": 0.050715,
  "Q50": 0.087464,
  "XLG": 0.05978,
  "XLP": 0.056028,
  "XXL": 0.05796,
  "BG": 0.029232,
  "BP": 0.0288,
  "FL": 0.064538,
  "FM": 0.03243,
  "LG": 0.0434,
  "LH": 0.049248,
  "LP": 0.044175,
  "LС": 0.069552,
  "MG": 0.026208,
  "ML": 0.03933,
  "MP": 0.026208,
  "MS": 0.0186,
  "MС": 0.036855,
  "SG": 0.01196,
  "XL": 0.056028,
  "B": 0.0288,
  "L": 0.0456,
  "M": 0.026208,
  "S": 0.0115
}